{"9A2BD205": {"gain": 1.87890625, "offset": 510}, "BAAEA82A": {"gain": 1.87890625, "offset": 510}}